<?xml version="1.0" encoding="UTF-8"?>
<metadata xml:lang="en"><Esri><CreaDate>20201210</CreaDate><CreaTime>14163800</CreaTime><SyncOnce>FALSE</SyncOnce><SyncDate>20111122</SyncDate><SyncTime>09284400</SyncTime><ModDate>20111122</ModDate><ModTime>09284400</ModTime><DataProperties><lineage><Process Name="Merge_1" ToolSource="C:\Program Files\ArcGIS\ArcToolbox\Toolboxes\Data Management Tools.tbx\Merge" Date="20070413" Time="100259">Merge 'N:\jluttrell\CONSERVATION EASEMENTS\VOLT_CONSERVATIONAB.shp';'N:\jluttrell\CONSERVATION EASEMENTS\CONSERVATION_EASE.shp' "N:\jluttrell\CONSERVATION EASEMENTS\CONSERVATION_EASE2.shp" "LAYER LAYER true false false 255 Text 0 0 ,First,#,N:\jluttrell\CONSERVATION EASEMENTS\VOLT_CONSERVATIONAB.shp,LAYER,-1,-1,N:\jluttrell\CONSERVATION EASEMENTS\CONSERVATION_EASE.shp,LAYER,-1,-1;RECEPTION RECEPTION true false false 11 Text 0 0 ,First,#,N:\jluttrell\CONSERVATION EASEMENTS\CONSERVATION_EASE.shp,RECEPTION,-1,-1;GRANTOR GRANTOR true false false 50 Text 0 0 ,First,#,N:\jluttrell\CONSERVATION EASEMENTS\CONSERVATION_EASE.shp,GRANTOR,-1,-1;NAME NAME true false false 50 Text 0 0 ,First,#,N:\jluttrell\CONSERVATION EASEMENTS\CONSERVATION_EASE.shp,NAME,-1,-1;GRANTEE GRANTEE true false false 50 Text 0 0 ,First,#,N:\jluttrell\CONSERVATION EASEMENTS\CONSERVATION_EASE.shp,GRANTEE,-1,-1;ACRES ACRES true false false 8 Long 0 8 ,First,#,N:\jluttrell\CONSERVATION EASEMENTS\CONSERVATION_EASE.shp,ACRES,-1,-1;ACCOUNT ACCOUNT true false false 7 Text 0 0 ,First,#,N:\jluttrell\CONSERVATION EASEMENTS\CONSERVATION_EASE.shp,ACCOUNT,-1,-1;PIN PIN true false false 12 Text 0 0 ,First,#,N:\jluttrell\CONSERVATION EASEMENTS\CONSERVATION_EASE.shp,PIN,-1,-1;AC AC true false false 10 Double 0 10 ,First,#,N:\jluttrell\CONSERVATION EASEMENTS\CONSERVATION_EASE.shp,AC,-1,-1"</Process><Process Name="DefineProjection_1" ToolSource="C:\Program Files\ArcGIS\ArcToolbox\Toolboxes\Data Management Tools.tbx\DefineProjection" Date="20070413" Time="162255">DefineProjection "N:\jluttrell\CONSERVATION EASEMENTS\CONSERVATION_EASE2.shp" PROJCS['NAD_1983_StatePlane_Colorado_North_FIPS_0501_Feet',GEOGCS['GCS_North_American_1983',DATUM['D_North_American_1983',SPHEROID['GRS_1980',6378137.0,298.257222101]],PRIMEM['Greenwich',0.0],UNIT['Degree',0.0174532925199433]],PROJECTION['Lambert_Conformal_Conic'],PARAMETER['False_Easting',3000000.000316083],PARAMETER['False_Northing',999999.999996],PARAMETER['Central_Meridian',-105.5],PARAMETER['Standard_Parallel_1',39.71666666666667],PARAMETER['Standard_Parallel_2',40.78333333333333],PARAMETER['Latitude_Of_Origin',39.33333333333334],UNIT['Foot_US',0.3048006096012192]] "N:\jluttrell\CONSERVATION EASEMENTS\CONSERVATION_EASE2.shp"</Process><Process Name="Merge_1" ToolSource="C:\Program Files\ArcGIS\ArcToolbox\Toolboxes\Data Management Tools.tbx\Merge" Date="20070416" Time="105353">Merge CONSERVATION_EASE2;'N:\jluttrell\CONSERVATION EASEMENTS\SHAW_CONSERVATION.shp';'N:\jluttrell\CONSERVATION EASEMENTS\SHAW_CE.shp' "N:\jluttrell\CONSERVATION EASEMENTS\CONSERVATION_EASE.shp" "LAYER LAYER true false false 254 Text 0 0 ,First,#,CONSERVATION_EASE2,LAYER,-1,-1,N:\jluttrell\CONSERVATION EASEMENTS\SHAW_CONSERVATION.shp,LAYER,-1,-1,N:\jluttrell\CONSERVATION EASEMENTS\SHAW_CE.shp,LAYER,-1,-1;RECEPTION RECEPTION true false false 11 Text 0 0 ,First,#,CONSERVATION_EASE2,RECEPTION,-1,-1;GRANTOR GRANTOR true false false 50 Text 0 0 ,First,#,CONSERVATION_EASE2,GRANTOR,-1,-1;NAME NAME true false false 50 Text 0 0 ,First,#,CONSERVATION_EASE2,NAME,-1,-1;GRANTEE GRANTEE true false false 50 Text 0 0 ,First,#,CONSERVATION_EASE2,GRANTEE,-1,-1;ACRES ACRES true false false 8 Long 0 8 ,First,#,CONSERVATION_EASE2,ACRES,-1,-1;ACCOUNT ACCOUNT true false false 7 Text 0 0 ,First,#,CONSERVATION_EASE2,ACCOUNT,-1,-1;PIN PIN true false false 12 Text 0 0 ,First,#,CONSERVATION_EASE2,PIN,-1,-1;NOTES NOTES true false false 50 Text 0 0 ,First,#,CONSERVATION_EASE2,NOTES,-1,-1;AC AC true false false 10 Text 0 0 ,First,#,CONSERVATION_EASE2,AC,-1,-1"</Process><Process Name="Merge_2" ToolSource="C:\Program Files\ArcGIS\ArcToolbox\Toolboxes\Data Management Tools.tbx\Merge" Date="20070416" Time="111130">Merge 'N:\jluttrell\CONSERVATION EASEMENTS\CONSERVATION_EASE.shp';'N:\jluttrell\CONSERVATION EASEMENTS\URBAN_CONSERVATION.shp' "N:\jluttrell\CONSERVATION EASEMENTS\CONSERVATION_EASE2.shp" "LAYER LAYER true false false 254 Text 0 0 ,First,#,N:\jluttrell\CONSERVATION EASEMENTS\CONSERVATION_EASE.shp,LAYER,-1,-1,N:\jluttrell\CONSERVATION EASEMENTS\URBAN_CONSERVATION.shp,LAYER,-1,-1;RECEPTION RECEPTION true false false 11 Text 0 0 ,First,#,N:\jluttrell\CONSERVATION EASEMENTS\CONSERVATION_EASE.shp,RECEPTION,-1,-1;GRANTOR GRANTOR true false false 50 Text 0 0 ,First,#,N:\jluttrell\CONSERVATION EASEMENTS\CONSERVATION_EASE.shp,GRANTOR,-1,-1;NAME NAME true false false 50 Text 0 0 ,First,#,N:\jluttrell\CONSERVATION EASEMENTS\CONSERVATION_EASE.shp,NAME,-1,-1;GRANTEE GRANTEE true false false 50 Text 0 0 ,First,#,N:\jluttrell\CONSERVATION EASEMENTS\CONSERVATION_EASE.shp,GRANTEE,-1,-1;ACRES ACRES true false false 8 Long 0 8 ,First,#,N:\jluttrell\CONSERVATION EASEMENTS\CONSERVATION_EASE.shp,ACRES,-1,-1;ACCOUNT ACCOUNT true false false 7 Text 0 0 ,First,#,N:\jluttrell\CONSERVATION EASEMENTS\CONSERVATION_EASE.shp,ACCOUNT,-1,-1;PIN PIN true false false 12 Text 0 0 ,First,#,N:\jluttrell\CONSERVATION EASEMENTS\CONSERVATION_EASE.shp,PIN,-1,-1;NOTES NOTES true false false 50 Text 0 0 ,First,#,N:\jluttrell\CONSERVATION EASEMENTS\CONSERVATION_EASE.shp,NOTES,-1,-1;AC AC true false false 10 Text 0 0 ,First,#,N:\jluttrell\CONSERVATION EASEMENTS\CONSERVATION_EASE.shp,AC,-1,-1"</Process><Process Name="Merge_3" ToolSource="C:\Program Files\ArcGIS\ArcToolbox\Toolboxes\Data Management Tools.tbx\Merge" Date="20070416" Time="112914">Merge 'N:\jluttrell\CONSERVATION EASEMENTS\CONSERVATION_EASE2.shp';'N:\jluttrell\CONSERVATION EASEMENTS\PERRY_CONSERVATION.shp' "N:\jluttrell\CONSERVATION EASEMENTS\CONSERVATION_EASE.shp" "LAYER LAYER true false false 254 Text 0 0 ,First,#,N:\jluttrell\CONSERVATION EASEMENTS\CONSERVATION_EASE2.shp,LAYER,-1,-1,N:\jluttrell\CONSERVATION EASEMENTS\PERRY_CONSERVATION.shp,LAYER,-1,-1;RECEPTION RECEPTION true false false 11 Text 0 0 ,First,#,N:\jluttrell\CONSERVATION EASEMENTS\CONSERVATION_EASE2.shp,RECEPTION,-1,-1;GRANTOR GRANTOR true false false 50 Text 0 0 ,First,#,N:\jluttrell\CONSERVATION EASEMENTS\CONSERVATION_EASE2.shp,GRANTOR,-1,-1;NAME NAME true false false 50 Text 0 0 ,First,#,N:\jluttrell\CONSERVATION EASEMENTS\CONSERVATION_EASE2.shp,NAME,-1,-1;GRANTEE GRANTEE true false false 50 Text 0 0 ,First,#,N:\jluttrell\CONSERVATION EASEMENTS\CONSERVATION_EASE2.shp,GRANTEE,-1,-1;ACRES ACRES true false false 8 Long 0 8 ,First,#,N:\jluttrell\CONSERVATION EASEMENTS\CONSERVATION_EASE2.shp,ACRES,-1,-1;ACCOUNT ACCOUNT true false false 7 Text 0 0 ,First,#,N:\jluttrell\CONSERVATION EASEMENTS\CONSERVATION_EASE2.shp,ACCOUNT,-1,-1;PIN PIN true false false 12 Text 0 0 ,First,#,N:\jluttrell\CONSERVATION EASEMENTS\CONSERVATION_EASE2.shp,PIN,-1,-1;NOTES NOTES true false false 50 Text 0 0 ,First,#,N:\jluttrell\CONSERVATION EASEMENTS\CONSERVATION_EASE2.shp,NOTES,-1,-1;AC AC true false false 10 Text 0 0 ,First,#,N:\jluttrell\CONSERVATION EASEMENTS\CONSERVATION_EASE2.shp,AC,-1,-1"</Process><Process Name="Merge_5" ToolSource="C:\Program Files\ArcGIS\ArcToolbox\Toolboxes\Data Management Tools.tbx\Merge" Date="20070416" Time="113434">Merge 'N:\jluttrell\CONSERVATION EASEMENTS\CONSERVATION_EASE.shp';'N:\jluttrell\CONSERVATION EASEMENTS\PERRY_CONSERVATION.shp' "N:\jluttrell\CONSERVATION EASEMENTS\CONSERVATION_EASE3.shp" "LAYER LAYER true false false 254 Text 0 0 ,First,#,N:\jluttrell\CONSERVATION EASEMENTS\CONSERVATION_EASE.shp,LAYER,-1,-1,N:\jluttrell\CONSERVATION EASEMENTS\PERRY_CONSERVATION.shp,LAYER,-1,-1;RECEPTION RECEPTION true false false 11 Text 0 0 ,First,#,N:\jluttrell\CONSERVATION EASEMENTS\CONSERVATION_EASE.shp,RECEPTION,-1,-1;GRANTOR GRANTOR true false false 50 Text 0 0 ,First,#,N:\jluttrell\CONSERVATION EASEMENTS\CONSERVATION_EASE.shp,GRANTOR,-1,-1;NAME NAME true false false 50 Text 0 0 ,First,#,N:\jluttrell\CONSERVATION EASEMENTS\CONSERVATION_EASE.shp,NAME,-1,-1;GRANTEE GRANTEE true false false 50 Text 0 0 ,First,#,N:\jluttrell\CONSERVATION EASEMENTS\CONSERVATION_EASE.shp,GRANTEE,-1,-1;ACRES ACRES true false false 8 Long 0 8 ,First,#,N:\jluttrell\CONSERVATION EASEMENTS\CONSERVATION_EASE.shp,ACRES,-1,-1;ACCOUNT ACCOUNT true false false 7 Text 0 0 ,First,#,N:\jluttrell\CONSERVATION EASEMENTS\CONSERVATION_EASE.shp,ACCOUNT,-1,-1;PIN PIN true false false 12 Text 0 0 ,First,#,N:\jluttrell\CONSERVATION EASEMENTS\CONSERVATION_EASE.shp,PIN,-1,-1;NOTES NOTES true false false 50 Text 0 0 ,First,#,N:\jluttrell\CONSERVATION EASEMENTS\CONSERVATION_EASE.shp,NOTES,-1,-1;AC AC true false false 10 Text 0 0 ,First,#,N:\jluttrell\CONSERVATION EASEMENTS\CONSERVATION_EASE.shp,AC,-1,-1"</Process><Process Name="Merge_7" ToolSource="C:\Program Files\ArcGIS\ArcToolbox\Toolboxes\Data Management Tools.tbx\Merge" Date="20070416" Time="122213">Merge 'N:\jluttrell\CONSERVATION EASEMENTS\CONSERVATION_EASE3.shp';'N:\jluttrell\CONSERVATION EASEMENTS\PINE_AIR_CONSERVATION.shp' "N:\jluttrell\CONSERVATION EASEMENTS\CONSERVATION_EASE4.shp" "LAYER LAYER true false false 254 Text 0 0 ,First,#,N:\jluttrell\CONSERVATION EASEMENTS\CONSERVATION_EASE3.shp,LAYER,-1,-1,N:\jluttrell\CONSERVATION EASEMENTS\PINE_AIR_CONSERVATION.shp,LAYER,-1,-1;RECEPTION RECEPTION true false false 11 Text 0 0 ,First,#,N:\jluttrell\CONSERVATION EASEMENTS\CONSERVATION_EASE3.shp,RECEPTION,-1,-1;GRANTOR GRANTOR true false false 50 Text 0 0 ,First,#,N:\jluttrell\CONSERVATION EASEMENTS\CONSERVATION_EASE3.shp,GRANTOR,-1,-1;NAME NAME true false false 50 Text 0 0 ,First,#,N:\jluttrell\CONSERVATION EASEMENTS\CONSERVATION_EASE3.shp,NAME,-1,-1;GRANTEE GRANTEE true false false 50 Text 0 0 ,First,#,N:\jluttrell\CONSERVATION EASEMENTS\CONSERVATION_EASE3.shp,GRANTEE,-1,-1;ACRES ACRES true false false 8 Long 0 8 ,First,#,N:\jluttrell\CONSERVATION EASEMENTS\CONSERVATION_EASE3.shp,ACRES,-1,-1;ACCOUNT ACCOUNT true false false 7 Text 0 0 ,First,#,N:\jluttrell\CONSERVATION EASEMENTS\CONSERVATION_EASE3.shp,ACCOUNT,-1,-1;PIN PIN true false false 12 Text 0 0 ,First,#,N:\jluttrell\CONSERVATION EASEMENTS\CONSERVATION_EASE3.shp,PIN,-1,-1;NOTES NOTES true false false 50 Text 0 0 ,First,#,N:\jluttrell\CONSERVATION EASEMENTS\CONSERVATION_EASE3.shp,NOTES,-1,-1;AC AC true false false 10 Text 0 0 ,First,#,N:\jluttrell\CONSERVATION EASEMENTS\CONSERVATION_EASE3.shp,AC,-1,-1"</Process><Process ToolSource="C:\Program Files\ArcGIS\ArcToolbox\Toolboxes\Data Management Tools.tbx\Append" Date="20080911" Time="100542">Append HILLRANCH conservation_ease5 NO_TEST "LAYER 'LAYER' true false false 254 Text 0 0 ,First,#;RECEPTION 'RECEPTION' true false false 11 Text 0 0 ,First,#;GRANTOR 'GRANTOR' true false false 50 Text 0 0 ,First,#,M:\Datasets\CONSERVATION EASEMENTS\HILLRANCH.shp,GRANTOR,-1,-1;NAME 'NAME' true false false 50 Text 0 0 ,First,#;GRANTEE 'GRANTEE' true false false 50 Text 0 0 ,First,#,M:\Datasets\CONSERVATION EASEMENTS\HILLRANCH.shp,GRANTEE,-1,-1;ACCOUNT 'ACCOUNT' true false false 7 Text 0 0 ,First,#;PIN 'PIN' true false false 12 Text 0 0 ,First,#,M:\Datasets\CONSERVATION EASEMENTS\HILLRANCH.shp,PIN,-1,-1;NOTES 'NOTES' true false false 50 Text 0 0 ,First,#;AC 'AC' true false false 10 Text 0 0 ,First,#;ACCESS_EAS 'ACCESS_EAS' true false false 10 Text 0 0 ,First,#;NOTE_2 'NOTE_2' true false false 50 Text 0 0 ,First,#;DEED_AC 'DEED_AC' true false false 14 Double 3 13 ,First,#;PERIMETER 'PERIMETER' true false false 19 Double 11 18 ,First,#,M:\Datasets\CONSERVATION EASEMENTS\HILLRANCH.shp,PERIMETER,-1,-1;AREA 'AREA' true false false 19 Double 11 18 ,First,#,M:\Datasets\CONSERVATION EASEMENTS\HILLRANCH.shp,AREA,-1,-1;GIS_ACRES 'GIS_ACRES' true false false 19 Double 11 18 ,First,#;HECTARES 'HECTARES' true false false 19 Double 11 18 ,First,#" # conservation_ease5</Process><Process ToolSource="C:\Program Files\ArcGIS\ArcToolbox\Toolboxes\Data Management Tools.tbx\Append" Date="20110126" Time="081941">Append Parcels conservation_ease5 NO_TEST "LAYER 'LAYER' true false false 254 Text 0 0 ,First,#;RECEPTION 'RECEPTION' true false false 11 Text 0 0 ,First,#;GRANTOR 'GRANTOR' true false false 50 Text 0 0 ,First,#;NAME 'NAME' true false false 50 Text 0 0 ,First,#;GRANTEE 'GRANTEE' true false false 50 Text 0 0 ,First,#;ACCOUNT 'ACCOUNT' true false false 7 Text 0 0 ,First,#,C:\Grand\Datasets\GC_GDB\GrandCo_GDB.mdb\Parcels,Parcels.SCHEDULE,-1,-1;PIN 'PIN' true false false 12 Text 0 0 ,First,#,C:\Grand\Datasets\GC_GDB\GrandCo_GDB.mdb\Parcels,Parcels.PIN,-1,-1;NOTES 'NOTES' true false false 50 Text 0 0 ,First,#;AC 'AC' true false false 10 Text 0 0 ,First,#;ACCESS_EAS 'ACCESS_EAS' true false false 10 Text 0 0 ,First,#;NOTE_2 'NOTE_2' true false false 50 Text 0 0 ,First,#;DEED_AC 'DEED_AC' true false false 14 Double 3 13 ,First,#;PERIMETER 'PERIMETER' true false false 19 Double 11 18 ,First,#;AREA 'AREA' true false false 19 Double 11 18 ,First,#;GIS_ACRES 'GIS_ACRES' true false false 19 Double 11 18 ,First,#" # conservation_ease5</Process><Process ToolSource="C:\Program Files\ArcGIS\Desktop10.0\ArcToolbox\Toolboxes\Data Management Tools.tbx\Append" Date="20110201" Time="091706">Append GC_PARCELS "Conservation Easement" NO_TEST "LAYER "LAYER" true false false 254 Text 0 0 ,First,#;RECEPTION "RECEPTION" true false false 11 Text 0 0 ,First,#;GRANTOR "GRANTOR" true false false 50 Text 0 0 ,First,#;NAME "NAME" true false false 50 Text 0 0 ,First,#;GRANTEE "GRANTEE" true false false 50 Text 0 0 ,First,#;ACCOUNT "ACCOUNT" true false false 7 Text 0 0 ,First,#,\\Mercator\GRAND\GC_GDB\GCPARCELS.shp,GCPARCELS.SCHEDULE,-1,-1;PIN "PIN" true false false 12 Text 0 0 ,First,#,\\Mercator\GRAND\GC_GDB\GCPARCELS.shp,GCPARCELS.PIN,-1,-1;NOTES "NOTES" true false false 50 Text 0 0 ,First,#;AC "AC" true false false 10 Text 0 0 ,First,#;ACCESS_EAS "ACCESS_EAS" true false false 10 Text 0 0 ,First,#;NOTE_2 "NOTE_2" true false false 50 Text 0 0 ,First,#;DEED_AC "DEED_AC" true false false 14 Double 3 13 ,First,#;PERIMETER "PERIMETER" true false false 19 Double 11 18 ,First,#;AREA "AREA" true false false 19 Double 11 18 ,First,#;GIS_ACRES "GIS_ACRES" true false false 19 Double 11 18 ,First,#" #</Process><Process ToolSource="C:\Program Files\ArcGIS\Desktop10.0\ArcToolbox\Toolboxes\Data Management Tools.tbx\CalculateField" Date="20110202" Time="095816">CalculateField "Conservation Easement" RECEPTION "2010004767" VB #</Process><Process ToolSource="C:\Program Files\ArcGIS\Desktop10.0\ArcToolbox\Toolboxes\Data Management Tools.tbx\Append" Date="20110202" Time="111427">Append GC_PARCELS "Conservation Easement" NO_TEST "LAYER "LAYER" true false false 254 Text 0 0 ,First,#;RECEPTION "RECEPTION" true false false 11 Text 0 0 ,First,#;GRANTOR "GRANTOR" true false false 50 Text 0 0 ,First,#;NAME "NAME" true false false 50 Text 0 0 ,First,#;GRANTEE "GRANTEE" true false false 50 Text 0 0 ,First,#;ACCOUNT "ACCOUNT" true false false 7 Text 0 0 ,First,#,\\Mercator\GRAND\GC_GDB\GCPARCELS.shp,GCPARCELS.SCHEDULE,-1,-1;PIN "PIN" true false false 12 Text 0 0 ,First,#,\\Mercator\GRAND\GC_GDB\GCPARCELS.shp,GCPARCELS.PIN,-1,-1;NOTES "NOTES" true false false 50 Text 0 0 ,First,#;AC "AC" true false false 10 Text 0 0 ,First,#;ACCESS_EAS "ACCESS_EAS" true false false 10 Text 0 0 ,First,#;NOTE_2 "NOTE_2" true false false 50 Text 0 0 ,First,#;DEED_AC "DEED_AC" true false false 14 Double 3 13 ,First,#;PERIMETER "PERIMETER" true false false 19 Double 11 18 ,First,#;AREA "AREA" true false false 19 Double 11 18 ,First,#;GIS_ACRES "GIS_ACRES" true false false 19 Double 11 18 ,First,#" #</Process><Process ToolSource="C:\Program Files\ArcGIS\Desktop10.0\ArcToolbox\Toolboxes\Data Management Tools.tbx\CalculateField" Date="20110202" Time="114955">CalculateField "Conservation Easement" NOTES " " VB #</Process><Process ToolSource="C:\Program Files\ArcGIS\Desktop10.0\ArcToolbox\Toolboxes\Data Management Tools.tbx\CalculateField" Date="20110215" Time="115540">CalculateField "Conservation Easement" NAME "LONE COW RANCH" VB #</Process><Process ToolSource="C:\Program Files\ArcGIS\Desktop10.0\ArcToolbox\Toolboxes\Data Management Tools.tbx\CalculateField" Date="20110215" Time="115640">CalculateField "Conservation Easement" GRANTEE ""COLORADO CATTLEMEN'S AGRICULTURAL LAND TRUST"" VB #</Process><Process ToolSource="C:\Program Files\ArcGIS\Desktop10.0\ArcToolbox\Toolboxes\Data Management Tools.tbx\CalculateField" Date="20110215" Time="115849">CalculateField "Conservation Easement" NOTES "BUILDING ENVELOPE" VB #</Process><Process ToolSource="C:\Program Files\ArcGIS\ArcToolbox\Toolboxes\Data Management Tools.tbx\Append" Date="20110715" Time="132052">Append GIS_Parcels conservation_ease5 NO_TEST "LAYER 'LAYER' true false false 254 Text 0 0 ,First,#;RECEPTION 'RECEPTION' true false false 11 Text 0 0 ,First,#;GRANTOR 'GRANTOR' true false false 50 Text 0 0 ,First,#;NAME 'NAME' true false false 50 Text 0 0 ,First,#;GRANTEE 'GRANTEE' true false false 50 Text 0 0 ,First,#;ACCOUNT 'ACCOUNT' true false false 7 Text 0 0 ,First,#;PIN 'PIN' true false false 12 Text 0 0 ,First,#,C:\Grand\Datasets\GC_GDB\GrandCo_GDB.mdb\Parcels,PIN,-1,-1;NOTES 'NOTES' true false false 50 Text 0 0 ,First,#;AC 'AC' true false false 10 Text 0 0 ,First,#;ACCESS_EAS 'ACCESS_EAS' true false false 10 Text 0 0 ,First,#;NOTE_2 'NOTE_2' true false false 50 Text 0 0 ,First,#;DEED_AC 'DEED_AC' true false false 14 Double 3 13 ,First,#;PERIMETER 'PERIMETER' true false false 19 Double 11 18 ,First,#,C:\Grand\Datasets\GC_GDB\GrandCo_GDB.mdb\Parcels,PERIMETER,-1,-1;AREA 'AREA' true false false 19 Double 11 18 ,First,#,C:\Grand\Datasets\GC_GDB\GrandCo_GDB.mdb\Parcels,AREA,-1,-1;GIS_ACRES 'GIS_ACRES' true false false 19 Double 11 18 ,First,#" # conservation_ease5</Process><Process ToolSource="C:\Program Files\ArcGIS\ArcToolbox\Toolboxes\Data Management Tools.tbx\Append" Date="20111108" Time="082241">Append GIS_Parcels conservation_ease5 NO_TEST "LAYER 'LAYER' true false false 254 Text 0 0 ,First,#;RECEPTION 'RECEPTION' true false false 11 Text 0 0 ,First,#;GRANTOR 'GRANTOR' true false false 50 Text 0 0 ,First,#;NAME 'NAME' true false false 50 Text 0 0 ,First,#;GRANTEE 'GRANTEE' true false false 50 Text 0 0 ,First,#;ACCOUNT 'ACCOUNT' true false false 7 Text 0 0 ,First,#,C:\Grand\Datasets\GC_GDB\GrandCo_GDB.mdb\Parcels,SCHEDULE,-1,-1;PIN 'PIN' true false false 12 Text 0 0 ,First,#,C:\Grand\Datasets\GC_GDB\GrandCo_GDB.mdb\Parcels,PIN,-1,-1;NOTES 'NOTES' true false false 50 Text 0 0 ,First,#;AC 'AC' true false false 10 Text 0 0 ,First,#;ACCESS_EAS 'ACCESS_EAS' true false false 10 Text 0 0 ,First,#;NOTE_2 'NOTE_2' true false false 50 Text 0 0 ,First,#;DEED_AC 'DEED_AC' true false false 14 Double 3 13 ,First,#;PERIMETER 'PERIMETER' true false false 19 Double 11 18 ,First,#,C:\Grand\Datasets\GC_GDB\GrandCo_GDB.mdb\Parcels,PERIMETER,-1,-1;AREA 'AREA' true false false 19 Double 11 18 ,First,#,C:\Grand\Datasets\GC_GDB\GrandCo_GDB.mdb\Parcels,AREA,-1,-1;GIS_ACRES 'GIS_ACRES' true false false 19 Double 11 18 ,First,#" # conservation_ease5</Process><Process ToolSource="C:\Program Files\ArcGIS\ArcToolbox\Toolboxes\Data Management Tools.tbx\Append" Date="20111108" Time="110208">Append GIS_Parcels conservation_ease5 NO_TEST "LAYER 'LAYER' true false false 254 Text 0 0 ,First,#;RECEPTION 'RECEPTION' true false false 11 Text 0 0 ,First,#;GRANTOR 'GRANTOR' true false false 50 Text 0 0 ,First,#;NAME 'NAME' true false false 50 Text 0 0 ,First,#;GRANTEE 'GRANTEE' true false false 50 Text 0 0 ,First,#;ACCOUNT 'ACCOUNT' true false false 7 Text 0 0 ,First,#,C:\Grand\Datasets\GC_GDB\GrandCo_GDB.mdb\Parcels,SCHEDULE,-1,-1;PIN 'PIN' true false false 12 Text 0 0 ,First,#,C:\Grand\Datasets\GC_GDB\GrandCo_GDB.mdb\Parcels,PIN,-1,-1;NOTES 'NOTES' true false false 50 Text 0 0 ,First,#;AC 'AC' true false false 10 Text 0 0 ,First,#;ACCESS_EAS 'ACCESS_EAS' true false false 10 Text 0 0 ,First,#;NOTE_2 'NOTE_2' true false false 50 Text 0 0 ,First,#;DEED_AC 'DEED_AC' true false false 14 Double 3 13 ,First,#;PERIMETER 'PERIMETER' true false false 19 Double 11 18 ,First,#,C:\Grand\Datasets\GC_GDB\GrandCo_GDB.mdb\Parcels,PERIMETER,-1,-1;AREA 'AREA' true false false 19 Double 11 18 ,First,#,C:\Grand\Datasets\GC_GDB\GrandCo_GDB.mdb\Parcels,AREA,-1,-1;GIS_ACRES 'GIS_ACRES' true false false 19 Double 11 18 ,First,#" # conservation_ease5</Process><Process ToolSource="C:\Program Files\ArcGIS\ArcToolbox\Toolboxes\Conversion Tools.tbx\FeatureClassToFeatureClass" Date="20111122" Time="092844">FeatureClassToFeatureClass "C:\Grand\Datasets\CONSERVATION EASEMENTS\conservation_ease5.shp" C:\Grand\Datasets\GC_GDB\GrandCo_GDB.mdb\GC_DISTRICTS Conservation_Easements # "LAYER 'LAYER' true true false 254 Text 0 0 ,First,#,C:\Grand\Datasets\CONSERVATION EASEMENTS\conservation_ease5.shp,LAYER,-1,-1;RECEPTION 'RECEPTION' true true false 11 Text 0 0 ,First,#,C:\Grand\Datasets\CONSERVATION EASEMENTS\conservation_ease5.shp,RECEPTION,-1,-1;GRANTOR 'GRANTOR' true true false 50 Text 0 0 ,First,#,C:\Grand\Datasets\CONSERVATION EASEMENTS\conservation_ease5.shp,GRANTOR,-1,-1;NAME 'NAME' true true false 50 Text 0 0 ,First,#,C:\Grand\Datasets\CONSERVATION EASEMENTS\conservation_ease5.shp,NAME,-1,-1;GRANTEE 'GRANTEE' true true false 50 Text 0 0 ,First,#,C:\Grand\Datasets\CONSERVATION EASEMENTS\conservation_ease5.shp,GRANTEE,-1,-1;ACCOUNT 'ACCOUNT' true true false 7 Text 0 0 ,First,#,C:\Grand\Datasets\CONSERVATION EASEMENTS\conservation_ease5.shp,ACCOUNT,-1,-1;PIN 'PIN' true true false 12 Text 0 0 ,First,#,C:\Grand\Datasets\CONSERVATION EASEMENTS\conservation_ease5.shp,PIN,-1,-1;NOTES 'NOTES' true true false 50 Text 0 0 ,First,#,C:\Grand\Datasets\CONSERVATION EASEMENTS\conservation_ease5.shp,NOTES,-1,-1;AC 'AC' true true false 10 Text 0 0 ,First,#,C:\Grand\Datasets\CONSERVATION EASEMENTS\conservation_ease5.shp,AC,-1,-1;ACCESS_EAS 'ACCESS_EAS' true true false 10 Text 0 0 ,First,#,C:\Grand\Datasets\CONSERVATION EASEMENTS\conservation_ease5.shp,ACCESS_EAS,-1,-1;NOTE_2 'NOTE_2' true true false 50 Text 0 0 ,First,#,C:\Grand\Datasets\CONSERVATION EASEMENTS\conservation_ease5.shp,NOTE_2,-1,-1;DEED_AC 'DEED_AC' true true false 14 Double 3 13 ,First,#,C:\Grand\Datasets\CONSERVATION EASEMENTS\conservation_ease5.shp,DEED_AC,-1,-1;PERIMETER 'PERIMETER' true true false 19 Double 11 18 ,First,#,C:\Grand\Datasets\CONSERVATION EASEMENTS\conservation_ease5.shp,PERIMETER,-1,-1;AREA 'AREA' true true false 19 Double 11 18 ,First,#,C:\Grand\Datasets\CONSERVATION EASEMENTS\conservation_ease5.shp,AREA,-1,-1;GIS_ACRES 'GIS_ACRES' true true false 19 Double 11 18 ,First,#,C:\Grand\Datasets\CONSERVATION EASEMENTS\conservation_ease5.shp,GIS_ACRES,-1,-1" # C:\Grand\Datasets\GC_GDB\GrandCo_GDB.mdb\GC_DISTRICTS\Conservation_Easements</Process><Process ToolSource="C:\Program Files (x86)\ArcGIS\Desktop10.0\ArcToolbox\Toolboxes\Data Management Tools.tbx\Append" Date="20120210" Time="131021">Append Dougherty_CE Conservation_Easements NO_TEST "LAYER "LAYER" true true false 254 Text 0 0 ,First,#,M:\Datasets\CONSERVATION EASEMENTS\Dougherty_CE.shp,LAYER,-1,-1;RECEPTION "RECEPTION" true true false 11 Text 0 0 ,First,#,M:\Datasets\CONSERVATION EASEMENTS\Dougherty_CE.shp,RECEPTION,-1,-1;GRANTOR "GRANTOR" true true false 50 Text 0 0 ,First,#,M:\Datasets\CONSERVATION EASEMENTS\Dougherty_CE.shp,GRANTOR,-1,-1;NAME "NAME" true true false 50 Text 0 0 ,First,#,M:\Datasets\CONSERVATION EASEMENTS\Dougherty_CE.shp,NAME,-1,-1;GRANTEE "GRANTEE" true true false 50 Text 0 0 ,First,#,M:\Datasets\CONSERVATION EASEMENTS\Dougherty_CE.shp,GRANTEE,-1,-1;ACCOUNT "ACCOUNT" true true false 7 Text 0 0 ,First,#,M:\Datasets\CONSERVATION EASEMENTS\Dougherty_CE.shp,ACCOUNT,-1,-1;PIN "PIN" true true false 12 Text 0 0 ,First,#,M:\Datasets\CONSERVATION EASEMENTS\Dougherty_CE.shp,PIN,-1,-1;NOTES "NOTES" true true false 50 Text 0 0 ,First,#,M:\Datasets\CONSERVATION EASEMENTS\Dougherty_CE.shp,NOTES,-1,-1;AC "AC" true true false 10 Text 0 0 ,First,#,M:\Datasets\CONSERVATION EASEMENTS\Dougherty_CE.shp,AC,-1,-1;ACCESS_EAS "ACCESS_EAS" true true false 10 Text 0 0 ,First,#,M:\Datasets\CONSERVATION EASEMENTS\Dougherty_CE.shp,ACCESS_EAS,-1,-1;NOTE_2 "NOTE_2" true true false 50 Text 0 0 ,First,#,M:\Datasets\CONSERVATION EASEMENTS\Dougherty_CE.shp,NOTE_2,-1,-1;DEED_AC "DEED_AC" true true false 8 Double 0 0 ,First,#,M:\Datasets\CONSERVATION EASEMENTS\Dougherty_CE.shp,DEED_AC,-1,-1;PERIMETER "PERIMETER" true true false 8 Double 0 0 ,First,#,M:\Datasets\CONSERVATION EASEMENTS\Dougherty_CE.shp,PERIMETER,-1,-1;AREA "AREA" true true false 8 Double 0 0 ,First,#,M:\Datasets\CONSERVATION EASEMENTS\Dougherty_CE.shp,AREA,-1,-1;GIS_ACRES "GIS_ACRES" true true false 8 Double 0 0 ,First,#,M:\Datasets\CONSERVATION EASEMENTS\Dougherty_CE.shp,GIS_ACRES,-1,-1;Shape_Length "Shape_Length" false true true 8 Double 0 0 ,First,#;Shape_Area "Shape_Area" false true true 8 Double 0 0 ,First,#,M:\Datasets\CONSERVATION EASEMENTS\Dougherty_CE.shp,Shape_Area,-1,-1" #</Process><Process ToolSource="C:\Program Files (x86)\ArcGIS\Desktop10.0\ArcToolbox\Toolboxes\Data Management Tools.tbx\CalculateField" Date="20120222" Time="131110">CalculateField Conservation_Easements NOTES "PAA_BLOCK 30" VB #</Process><Process ToolSource="C:\Program Files (x86)\ArcGIS\Desktop10.0\ArcToolbox\Toolboxes\Data Management Tools.tbx\CalculateField" Date="20120222" Time="131239">CalculateField Conservation_Easements PIN "144509106002" VB #</Process><Process ToolSource="C:\Program Files (x86)\ArcGIS\Desktop10.0\ArcToolbox\Toolboxes\Data Management Tools.tbx\CalculateField" Date="20120222" Time="131259">CalculateField Conservation_Easements ACCOUNT "R305249" VB #</Process><Process ToolSource="C:\Program Files (x86)\ArcGIS\Desktop10.0\ArcToolbox\Toolboxes\Data Management Tools.tbx\CalculateField" Date="20120222" Time="131325">CalculateField Conservation_Easements RECEPTION "2007000059" VB #</Process><Process ToolSource="C:\Program Files (x86)\ArcGIS\Desktop10.0\ArcToolbox\Toolboxes\Data Management Tools.tbx\CalculateField" Date="20120222" Time="131411">CalculateField Conservation_Easements GRANTOR "HEATHERIDGE SHOPS, LLC" VB #</Process><Process ToolSource="c:\program files (x86)\arcgis\desktop10.0\ArcToolbox\Toolboxes\Data Management Tools.tbx\Append" Date="20120427" Time="135027">Append CE_NOTMAPPED "Conservation Easements" NO_TEST "LAYER "LAYER" true true false 254 Text 0 0 ,First,#;RECEPTION "RECEPTION" true true false 11 Text 0 0 ,First,#;GRANTOR "GRANTOR" true true false 50 Text 0 0 ,First,#,M:\GC_GDB\CE_NOTMAPPED.shp,GRANTOR,-1,-1;NAME "NAME" true true false 50 Text 0 0 ,First,#;GRANTEE "GRANTEE" true true false 50 Text 0 0 ,First,#,M:\GC_GDB\CE_NOTMAPPED.shp,GRANTEE,-1,-1;ACCOUNT "ACCOUNT" true true false 7 Text 0 0 ,First,#;PIN "PIN" true true false 12 Text 0 0 ,First,#,M:\GC_GDB\CE_NOTMAPPED.shp,PIN,-1,-1;NOTES "NOTES" true true false 50 Text 0 0 ,First,#;AC "AC" true true false 10 Text 0 0 ,First,#;ACCESS_EAS "ACCESS_EAS" true true false 10 Text 0 0 ,First,#;NOTE_2 "NOTE_2" true true false 50 Text 0 0 ,First,#;DEED_AC "DEED_AC" true true false 8 Double 0 0 ,First,#;PERIMETER "PERIMETER" true true false 8 Double 0 0 ,First,#,M:\GC_GDB\CE_NOTMAPPED.shp,PERIMETER,-1,-1;AREA "AREA" true true false 8 Double 0 0 ,First,#,M:\GC_GDB\CE_NOTMAPPED.shp,AREA,-1,-1;GIS_ACRES "GIS_ACRES" true true false 8 Double 0 0 ,First,#;Shape_Length "Shape_Length" false true true 8 Double 0 0 ,First,#;Shape_Area "Shape_Area" false true true 8 Double 0 0 ,First,#,M:\GC_GDB\CE_NOTMAPPED.shp,Shape_Area,-1,-1" #</Process><Process ToolSource="C:\Program Files (x86)\ArcGIS\Desktop10.0\ArcToolbox\Toolboxes\Data Management Tools.tbx\CalculateField" Date="20120427" Time="135658">CalculateField "Conservation Easements" GIS_ACRES "[AREA] /43560" VB #</Process><Process ToolSource="c:\program files (x86)\arcgis\desktop10.1\ArcToolbox\Toolboxes\Data Management Tools.tbx\Append" Date="20121015" Time="154703">Append Parcels "Conservation Easements" NO_TEST "LAYER "LAYER" true true false 254 Text 0 0 ,First,#;RECEPTION "RECEPTION" true true false 11 Text 0 0 ,First,#;GRANTOR "GRANTOR" true true false 50 Text 0 0 ,First,#;NAME "NAME" true true false 50 Text 0 0 ,First,#;GRANTEE "GRANTEE" true true false 50 Text 0 0 ,First,#;ACCOUNT "ACCOUNT" true true false 7 Text 0 0 ,First,#;PIN "PIN" true true false 12 Text 0 0 ,First,#;NOTES "NOTES" true true false 50 Text 0 0 ,First,#;AC "AC" true true false 10 Text 0 0 ,First,#;ACCESS_EAS "ACCESS_EAS" true true false 10 Text 0 0 ,First,#;NOTE_2 "NOTE_2" true true false 50 Text 0 0 ,First,#;DEED_AC "DEED_AC" true true false 8 Double 0 0 ,First,#;PERIMETER "PERIMETER" true true false 8 Double 0 0 ,First,#;AREA "AREA" true true false 8 Double 0 0 ,First,#;GIS_ACRES "GIS_ACRES" true true false 8 Double 0 0 ,First,#;Shape_Length "Shape_Length" false true true 8 Double 0 0 ,First,#;Shape_Area "Shape_Area" false true true 8 Double 0 0 ,First,#" #</Process><Process ToolSource="c:\program files (x86)\arcgis\desktop10.5\ArcToolbox\Toolboxes\Data Management Tools.tbx\CalculateField" Date="20181210" Time="160940">CalculateField Conservation_Easements RECEPTION '2015002085' PYTHON_9.3 #</Process><Process ToolSource="c:\program files (x86)\arcgis\desktop10.5\ArcToolbox\Toolboxes\Data Management Tools.tbx\CalculateField" Date="20181210" Time="161014">CalculateField Conservation_Easements GRANTOR 'SAN TOY LAND COMPANY' PYTHON_9.3 #</Process><Process ToolSource="c:\program files (x86)\arcgis\desktop10.5\ArcToolbox\Toolboxes\Data Management Tools.tbx\CalculateField" Date="20181210" Time="161202">CalculateField Conservation_Easements GRANTEE 'COLORADO CATTLEMANS LAND TRUST' PYTHON_9.3 #</Process><Process ToolSource="c:\program files (x86)\arcgis\desktop10.5\ArcToolbox\Toolboxes\Data Management Tools.tbx\CalculateField" Date="20181210" Time="161237">CalculateField Conservation_Easements GIS_ACRES !Shape_Area!/43560 PYTHON_9.3 #</Process><Process ToolSource="c:\program files (x86)\arcgis\desktop10.5\ArcToolbox\Toolboxes\Data Management Tools.tbx\CalculateField" Date="20181211" Time="092938">CalculateField Conservation_Easements PERIMETER [Shape_Length] VB #</Process><Process ToolSource="c:\program files (x86)\arcgis\desktop10.5\ArcToolbox\Toolboxes\Data Management Tools.tbx\CalculateField" Date="20181211" Time="093017">CalculateField Conservation_Easements AREA [Shape_Area] VB #</Process><Process ToolSource="c:\program files (x86)\arcgis\desktop10.5\ArcToolbox\Toolboxes\Data Management Tools.tbx\CalculateField" Date="20181211" Time="093035">CalculateField Conservation_Easements GIS_ACRES [Shape_Area]/43560 VB #</Process><Process ToolSource="c:\program files (x86)\arcgis\desktop10.5\ArcToolbox\Toolboxes\Data Management Tools.tbx\CalculateField" Date="20190913" Time="110412">CalculateField Conservation_Easements AREA [Shape_Area]/43560 VB #</Process><Process ToolSource="c:\program files (x86)\arcgis\desktop10.5\ArcToolbox\Toolboxes\Data Management Tools.tbx\CalculateField" Date="20190913" Time="110526">CalculateField Conservation_Easements GIS_ACRES [AREA] VB #</Process><Process ToolSource="c:\program files (x86)\arcgis\desktop10.5\ArcToolbox\Toolboxes\Data Management Tools.tbx\CalculateField" Date="20190913" Time="110548">CalculateField Conservation_Easements PERIMETER [Shape_Length] VB #</Process><Process ToolSource="c:\program files (x86)\arcgis\desktop10.5\ArcToolbox\Toolboxes\Data Management Tools.tbx\CalculateField" Date="20190913" Time="110603">CalculateField Conservation_Easements AREA [Shape_Area] VB #</Process><Process ToolSource="c:\program files (x86)\arcgis\desktop10.5\ArcToolbox\Toolboxes\Data Management Tools.tbx\CalculateField" Date="20190913" Time="110617">CalculateField Conservation_Easements DEED_AC [GIS_ACRES] VB #</Process><Process ToolSource="c:\program files (x86)\arcgis\desktop10.5\ArcToolbox\Toolboxes\Data Management Tools.tbx\CalculateField" Date="20190913" Time="134036">CalculateField Conservation_Easements AC [GIS_ACRES] VB #</Process><Process ToolSource="c:\program files (x86)\arcgis\desktop10.7\ArcToolbox\Toolboxes\Data Management Tools.tbx\CalculateField" Date="20200511" Time="115502">CalculateField Conservation_Easements GIS_ACRES [Shape_Area]/43560 VB #</Process><Process ToolSource="c:\program files (x86)\arcgis\desktop10.7\ArcToolbox\Toolboxes\Data Management Tools.tbx\CalculateField" Date="20200511" Time="131843">CalculateField Conservation_Easements GIS_ACRES [Shape_Area]/43560 VB #</Process><Process ToolSource="c:\program files (x86)\arcgis\desktop10.7\ArcToolbox\Toolboxes\Data Management Tools.tbx\CalculateField" Date="20200511" Time="132526">CalculateField Conservation_Easements AREA [Shape_Area] VB #</Process><Process ToolSource="c:\program files (x86)\arcgis\desktop10.7\ArcToolbox\Toolboxes\Data Management Tools.tbx\CalculateField" Date="20200511" Time="132540">CalculateField Conservation_Easements PERIMETER [Shape_Length] VB #</Process><Process ToolSource="c:\program files (x86)\arcgis\desktop10.7\ArcToolbox\Toolboxes\Data Management Tools.tbx\CalculateField" Date="20200511" Time="145412">CalculateField Conservation_Easements PERIMETER [Shape_Length] VB #</Process><Process ToolSource="c:\program files (x86)\arcgis\desktop10.7\ArcToolbox\Toolboxes\Data Management Tools.tbx\CalculateField" Date="20200511" Time="145421">CalculateField Conservation_Easements AREA [Shape_Area] VB #</Process><Process ToolSource="c:\program files (x86)\arcgis\desktop10.7\ArcToolbox\Toolboxes\Data Management Tools.tbx\CalculateField" Date="20200511" Time="145432">CalculateField Conservation_Easements GIS_ACRES [Shape_Area]/43560 VB #</Process><Process ToolSource="c:\program files (x86)\arcgis\desktop10.7\ArcToolbox\Toolboxes\Data Management Tools.tbx\CalculateField" Date="20200511" Time="150851">CalculateField Conservation_Easements AREA [Shape_Area] VB #</Process><Process ToolSource="c:\program files (x86)\arcgis\desktop10.7\ArcToolbox\Toolboxes\Data Management Tools.tbx\CalculateField" Date="20200511" Time="150900">CalculateField Conservation_Easements PERIMETER [Shape_Length] VB #</Process></lineage><itemProps><itemLocation><linkage Sync="TRUE">file://\\G6030R1\C$\Grand\Datasets\GC_GDB\FILEGDB\GrandCo_FGDB.gdb</linkage><protocol Sync="TRUE">Local Area Network</protocol></itemLocation></itemProps></DataProperties><ArcGISFormat>1.0</ArcGISFormat></Esri><idinfo><native Sync="TRUE">Microsoft Windows XP Version 5.1 (Build 2600) Service Pack 3; ESRI ArcCatalog 9.3.1.4000</native><descript><langdata Sync="TRUE">en</langdata><abstract>REQUIRED: A brief narrative summary of the data set.</abstract><purpose>REQUIRED: A summary of the intentions with which the data set was developed.</purpose></descript><citation><citeinfo><origin>REQUIRED: The name of an organization or individual that developed the data set.</origin><pubdate>REQUIRED: The date when the data set is published or otherwise made available for release.</pubdate><title Sync="TRUE">Conservation_Easements</title><ftname Sync="TRUE">Conservation_Easements</ftname><geoform Sync="TRUE">vector digital data</geoform><onlink Sync="TRUE">\\KIMADAMS\C$\Grand\Datasets\GC_GDB\GrandCo_GDB.mdb</onlink></citeinfo></citation><timeperd><current>REQUIRED: The basis on which the time period of content information is determined.</current><timeinfo><sngdate><caldate>REQUIRED: The year (and optionally month, or month and day) for which the data set corresponds to the ground.</caldate></sngdate></timeinfo></timeperd><status><progress>REQUIRED: The state of the data set.</progress><update>REQUIRED: The frequency with which changes and additions are made to the data set after the initial data set is completed.</update></status><spdom><bounding><westbc Sync="TRUE">REQUIRED: Western-most coordinate of the limit of coverage expressed in longitude.</westbc><eastbc Sync="TRUE">REQUIRED: Eastern-most coordinate of the limit of coverage expressed in longitude.</eastbc><northbc Sync="TRUE">REQUIRED: Northern-most coordinate of the limit of coverage expressed in latitude.</northbc><southbc Sync="TRUE">REQUIRED: Southern-most coordinate of the limit of coverage expressed in latitude.</southbc></bounding></spdom><keywords><theme><themekt>REQUIRED: Reference to a formally registered thesaurus or a similar authoritative source of theme keywords.</themekt><themekey>REQUIRED: Common-use word or phrase used to describe the subject of the data set.</themekey></theme></keywords><accconst>REQUIRED: Restrictions and legal prerequisites for accessing the data set.</accconst><useconst>REQUIRED: Restrictions and legal prerequisites for using the data set after access is granted.</useconst><natvform Sync="TRUE">Personal GeoDatabase Feature Class</natvform></idinfo><dataIdInfo><envirDesc Sync="TRUE">Microsoft Windows XP Version 5.1 (Build 2600) Service Pack 3; ESRI ArcCatalog 9.3.1.4000</envirDesc><dataLang><languageCode Sync="TRUE" value="en"></languageCode></dataLang><idCitation><resTitle Sync="TRUE">Conservation_Easements</resTitle><presForm><PresFormCd Sync="TRUE" value="005"></PresFormCd></presForm></idCitation><spatRpType><SpatRepTypCd Sync="TRUE" value="001"></SpatRepTypCd></spatRpType></dataIdInfo><metainfo><langmeta Sync="TRUE">en</langmeta><metstdn Sync="TRUE">FGDC Content Standards for Digital Geospatial Metadata</metstdn><metstdv Sync="TRUE">FGDC-STD-001-1998</metstdv><mettc Sync="TRUE">local time</mettc><metc><cntinfo><cntorgp><cntper>REQUIRED: The person responsible for the metadata information.</cntper><cntorg>REQUIRED: The organization responsible for the metadata information.</cntorg></cntorgp><cntaddr><addrtype>REQUIRED: The mailing and/or physical address for the organization or individual.</addrtype><city>REQUIRED: The city of the address.</city><state>REQUIRED: The state or province of the address.</state><postal>REQUIRED: The ZIP or other postal code of the address.</postal></cntaddr><cntvoice>REQUIRED: The telephone number by which individuals can speak to the organization or individual.</cntvoice></cntinfo></metc><metd Sync="TRUE">20111122</metd><metextns><onlink Sync="TRUE">http://www.esri.com/metadata/esriprof80.html</onlink><metprof Sync="TRUE">ESRI Metadata Profile</metprof></metextns></metainfo><mdLang><languageCode Sync="TRUE" value="en"></languageCode></mdLang><mdStanName Sync="TRUE">ISO 19115 Geographic Information - Metadata</mdStanName><mdStanVer Sync="TRUE">DIS_ESRI1.0</mdStanVer><mdChar><CharSetCd Sync="TRUE" value="004"></CharSetCd></mdChar><mdHrLv><ScopeCd Sync="TRUE" value="005"></ScopeCd></mdHrLv><mdHrLvName Sync="TRUE">dataset</mdHrLvName><distinfo><resdesc Sync="TRUE">Downloadable Data</resdesc><stdorder><digform><digtinfo><transize Sync="TRUE">0.000</transize><dssize Sync="TRUE">0.000</dssize></digtinfo></digform></stdorder></distinfo><distInfo><distributor><distorTran><onLineSrc><orDesc Sync="TRUE">002</orDesc><linkage Sync="TRUE">file://\\KIMADAMS\C$\Grand\Datasets\GC_GDB\GrandCo_GDB.mdb</linkage><protocol Sync="TRUE">Local Area Network</protocol></onLineSrc><transSize Sync="TRUE">0.000</transSize></distorTran><distorFormat><formatName Sync="TRUE">Personal GeoDatabase Feature Class</formatName></distorFormat></distributor></distInfo><spdoinfo><direct Sync="TRUE">Vector</direct><ptvctinf><esriterm Name="Conservation_Easements"><efeatyp Sync="TRUE">Simple</efeatyp><efeageom Sync="TRUE">Polygon</efeageom><esritopo Sync="TRUE">FALSE</esritopo><efeacnt Sync="TRUE">0</efeacnt><spindex Sync="TRUE">TRUE</spindex><linrefer Sync="TRUE">FALSE</linrefer></esriterm><sdtsterm Name="Conservation_Easements"><sdtstype Sync="TRUE">G-polygon</sdtstype><ptvctcnt Sync="TRUE">0</ptvctcnt></sdtsterm></ptvctinf></spdoinfo><spatRepInfo><VectSpatRep><topLvl><TopoLevCd Sync="TRUE" value="001"></TopoLevCd></topLvl><geometObjs Name="Conservation_Easements"><geoObjTyp><GeoObjTypCd Sync="TRUE" value="001"></GeoObjTypCd></geoObjTyp><geoObjCnt Sync="TRUE">0</geoObjCnt></geometObjs></VectSpatRep></spatRepInfo><eainfo><detailed Name="Conservation_Easements"><enttyp><enttypl Sync="TRUE">Conservation_Easements</enttypl><enttypt Sync="TRUE">Feature Class</enttypt><enttypc Sync="TRUE">0</enttypc></enttyp><attr><attrlabl Sync="TRUE">OBJECTID</attrlabl><attalias Sync="TRUE">OBJECTID</attalias><attrtype Sync="TRUE">OID</attrtype><attwidth Sync="TRUE">4</attwidth><atprecis Sync="TRUE">0</atprecis><attscale Sync="TRUE">0</attscale><attrdef Sync="TRUE">Internal feature number.</attrdef><attrdefs Sync="TRUE">ESRI</attrdefs><attrdomv><udom Sync="TRUE">Sequential unique whole numbers that are automatically generated.</udom></attrdomv></attr><attr><attrlabl Sync="TRUE">Shape</attrlabl><attalias Sync="TRUE">Shape</attalias><attrtype Sync="TRUE">Geometry</attrtype><attwidth Sync="TRUE">0</attwidth><atprecis Sync="TRUE">0</atprecis><attscale Sync="TRUE">0</attscale><attrdef Sync="TRUE">Feature geometry.</attrdef><attrdefs Sync="TRUE">ESRI</attrdefs><attrdomv><udom Sync="TRUE">Coordinates defining the features.</udom></attrdomv></attr><attr><attrlabl Sync="TRUE">LAYER</attrlabl><attalias Sync="TRUE">LAYER</attalias><attrtype Sync="TRUE">String</attrtype><attwidth Sync="TRUE">254</attwidth><atprecis Sync="TRUE">0</atprecis><attscale Sync="TRUE">0</attscale></attr><attr><attrlabl Sync="TRUE">RECEPTION</attrlabl><attalias Sync="TRUE">RECEPTION</attalias><attrtype Sync="TRUE">String</attrtype><attwidth Sync="TRUE">11</attwidth><atprecis Sync="TRUE">0</atprecis><attscale Sync="TRUE">0</attscale></attr><attr><attrlabl Sync="TRUE">GRANTOR</attrlabl><attalias Sync="TRUE">GRANTOR</attalias><attrtype Sync="TRUE">String</attrtype><attwidth Sync="TRUE">50</attwidth><atprecis Sync="TRUE">0</atprecis><attscale Sync="TRUE">0</attscale></attr><attr><attrlabl Sync="TRUE">NAME</attrlabl><attalias Sync="TRUE">NAME</attalias><attrtype Sync="TRUE">String</attrtype><attwidth Sync="TRUE">50</attwidth><atprecis Sync="TRUE">0</atprecis><attscale Sync="TRUE">0</attscale></attr><attr><attrlabl Sync="TRUE">GRANTEE</attrlabl><attalias Sync="TRUE">GRANTEE</attalias><attrtype Sync="TRUE">String</attrtype><attwidth Sync="TRUE">50</attwidth><atprecis Sync="TRUE">0</atprecis><attscale Sync="TRUE">0</attscale></attr><attr><attrlabl Sync="TRUE">ACCOUNT</attrlabl><attalias Sync="TRUE">ACCOUNT</attalias><attrtype Sync="TRUE">String</attrtype><attwidth Sync="TRUE">7</attwidth><atprecis Sync="TRUE">0</atprecis><attscale Sync="TRUE">0</attscale></attr><attr><attrlabl Sync="TRUE">PIN</attrlabl><attalias Sync="TRUE">PIN</attalias><attrtype Sync="TRUE">String</attrtype><attwidth Sync="TRUE">12</attwidth><atprecis Sync="TRUE">0</atprecis><attscale Sync="TRUE">0</attscale></attr><attr><attrlabl Sync="TRUE">NOTES</attrlabl><attalias Sync="TRUE">NOTES</attalias><attrtype Sync="TRUE">String</attrtype><attwidth Sync="TRUE">50</attwidth><atprecis Sync="TRUE">0</atprecis><attscale Sync="TRUE">0</attscale></attr><attr><attrlabl Sync="TRUE">AC</attrlabl><attalias Sync="TRUE">AC</attalias><attrtype Sync="TRUE">String</attrtype><attwidth Sync="TRUE">10</attwidth><atprecis Sync="TRUE">0</atprecis><attscale Sync="TRUE">0</attscale></attr><attr><attrlabl Sync="TRUE">ACCESS_EAS</attrlabl><attalias Sync="TRUE">ACCESS_EAS</attalias><attrtype Sync="TRUE">String</attrtype><attwidth Sync="TRUE">10</attwidth><atprecis Sync="TRUE">0</atprecis><attscale Sync="TRUE">0</attscale></attr><attr><attrlabl Sync="TRUE">NOTE_2</attrlabl><attalias Sync="TRUE">NOTE_2</attalias><attrtype Sync="TRUE">String</attrtype><attwidth Sync="TRUE">50</attwidth><atprecis Sync="TRUE">0</atprecis><attscale Sync="TRUE">0</attscale></attr><attr><attrlabl Sync="TRUE">DEED_AC</attrlabl><attalias Sync="TRUE">DEED_AC</attalias><attrtype Sync="TRUE">Double</attrtype><attwidth Sync="TRUE">8</attwidth><atprecis Sync="TRUE">0</atprecis><attscale Sync="TRUE">0</attscale></attr><attr><attrlabl Sync="TRUE">PERIMETER</attrlabl><attalias Sync="TRUE">PERIMETER</attalias><attrtype Sync="TRUE">Double</attrtype><attwidth Sync="TRUE">8</attwidth><atprecis Sync="TRUE">0</atprecis><attscale Sync="TRUE">0</attscale></attr><attr><attrlabl Sync="TRUE">AREA</attrlabl><attalias Sync="TRUE">AREA</attalias><attrtype Sync="TRUE">Double</attrtype><attwidth Sync="TRUE">8</attwidth><atprecis Sync="TRUE">0</atprecis><attscale Sync="TRUE">0</attscale></attr><attr><attrlabl Sync="TRUE">GIS_ACRES</attrlabl><attalias Sync="TRUE">GIS_ACRES</attalias><attrtype Sync="TRUE">Double</attrtype><attwidth Sync="TRUE">8</attwidth><atprecis Sync="TRUE">0</atprecis><attscale Sync="TRUE">0</attscale></attr><attr><attrlabl Sync="TRUE">Shape_Length</attrlabl><attalias Sync="TRUE">Shape_Length</attalias><attrtype Sync="TRUE">Double</attrtype><attwidth Sync="TRUE">8</attwidth><atprecis Sync="TRUE">0</atprecis><attscale Sync="TRUE">0</attscale><attrdef Sync="TRUE">Length of feature in internal units.</attrdef><attrdefs Sync="TRUE">ESRI</attrdefs><attrdomv><udom Sync="TRUE">Positive real numbers that are automatically generated.</udom></attrdomv></attr><attr><attrlabl Sync="TRUE">Shape_Area</attrlabl><attalias Sync="TRUE">Shape_Area</attalias><attrtype Sync="TRUE">Double</attrtype><attwidth Sync="TRUE">8</attwidth><atprecis Sync="TRUE">0</atprecis><attscale Sync="TRUE">0</attscale><attrdef Sync="TRUE">Area of feature in internal units squared.</attrdef><attrdefs Sync="TRUE">ESRI</attrdefs><attrdomv><udom Sync="TRUE">Positive real numbers that are automatically generated.</udom></attrdomv></attr></detailed></eainfo><mdDateSt Sync="TRUE">20111122</mdDateSt><spref><horizsys><cordsysn><geogcsn Sync="TRUE">GCS_North_American_1983</geogcsn><projcsn Sync="TRUE">NAD_1983_StatePlane_Colorado_North_FIPS_0501_Feet</projcsn></cordsysn><planar><planci><plance Sync="TRUE">coordinate pair</plance><plandu Sync="TRUE">survey feet</plandu><coordrep><absres Sync="TRUE">0.000328</absres><ordres Sync="TRUE">0.000328</ordres></coordrep></planci><mapproj><mapprojn Sync="TRUE">Lambert Conformal Conic</mapprojn><lambertc><stdparll Sync="TRUE">39.716667</stdparll><stdparll Sync="TRUE">40.783333</stdparll><longcm Sync="TRUE">-105.500000</longcm><latprjo Sync="TRUE">39.333333</latprjo><feast Sync="TRUE">3000000.000316</feast><fnorth Sync="TRUE">999999.999996</fnorth></lambertc></mapproj></planar><geodetic><horizdn Sync="TRUE">North American Datum of 1983</horizdn><ellips Sync="TRUE">Geodetic Reference System 80</ellips><semiaxis Sync="TRUE">6378137.000000</semiaxis><denflat Sync="TRUE">298.257222</denflat></geodetic></horizsys><vertdef><altsys><altenc Sync="TRUE">Explicit elevation coordinate included with horizontal coordinates</altenc><altres Sync="TRUE">0.000100</altres></altsys></vertdef></spref><refSysInfo><RefSystem><refSysID><identCode Sync="TRUE">NAD_1983_StatePlane_Colorado_North_FIPS_0501_Feet</identCode></refSysID></RefSystem></refSysInfo><dataqual><lineage><procstep><procdesc Sync="TRUE">Dataset copied.</procdesc><srcused Sync="TRUE"></srcused><date Sync="TRUE">20080204</date><time Sync="TRUE">14353700</time></procstep><procstep><procdesc Sync="TRUE">Dataset copied.</procdesc><srcused Sync="TRUE"></srcused><procdate Sync="TRUE">20110216</procdate><proctime Sync="TRUE">13072300</proctime></procstep></lineage></dataqual></metadata>
