<metadata><idinfo><citation><citeinfo><origin>Gaston County, Dept. of Planning and Codes Enforcement, Land Records Division</origin><pubdate>July 1, 2005</pubdate><title Sync="TRUE">PublicGIS.GISADMIN.USPS2</title><geoform Sync="TRUE">vector digital data</geoform><othercit>(Municipal Zoning)</othercit><onlink Sync="TRUE">Server=gc02; Service=5168; Database=Planning; User=GIS; Version=sde.DEFAULT</onlink><ftname Sync="TRUE">Planning.GIS.USPS_CORRECT</ftname></citeinfo></citation><descript><abstract>Unites States Postal Areas of Gaston County. USPS Boundaries provided by the USPS and digitized by Land Records using existing Street and Roadway, Property Parcel and other available data. High Shoals, NC 28077 is PO Box Only, but has been removed from the Lincoln area.Updated on PublicGIS 11.13.2024</abstract><purpose>To properly locate and depict the residents within that boundary and notify the USPO of new areas within their delivery areas.</purpose><supplinf>United States Postal Service delivery areas supplied by the Manager of Operations Programs and Support.</supplinf><langdata Sync="TRUE">en</langdata></descript><timeperd><timeinfo><sngdate><caldate>July 1, 2005</caldate><time>10:34 AM</time></sngdate></timeinfo><current>Current</current></timeperd><status><progress>Complete</progress><update>As needed</update></status><spdom><bounding><westbc Sync="TRUE">-81.455323</westbc><eastbc Sync="TRUE">-80.918340</eastbc><northbc Sync="TRUE">35.428477</northbc><southbc Sync="TRUE">35.141602</southbc></bounding><lboundng><leftbc Sync="TRUE">1268559.560293</leftbc><rightbc Sync="TRUE">1426621.210616</rightbc><bottombc Sync="TRUE">515478.422876</bottombc><topbc Sync="TRUE">616430.120378</topbc></lboundng></spdom><keywords><theme><themekt>USPO</themekt><themekey>USPS</themekey></theme><place><placekey>Gaston County, North Carolina</placekey></place></keywords><accconst>Although care has been taken in the creation of this data, Gaston County does not make or imply any warranties as to its accuracy or assume any responsibility for its use.</accconst><useconst>This data MAY NOT be resold, or otherwise used for trade or commercial purposes, as defined by  NCGS 132-10. (See http://www.ncga.state.nc.us/statutes/generalstatutes/html/bychapter/chapter%5F132.html )</useconst><ptcontac><cntinfo><cntorgp><cntorg>Gaston County, Dept. of Planning and Codes Enforcement, Land Records Division</cntorg><cntper>Jena Koone</cntper></cntorgp><cntpos>GIS Planning Supervisor</cntpos><cntvoice>(704)-866-3907</cntvoice><cntfax>(704)-866-3908</cntfax><cntemail>jkoone@co.gaston.nc.us</cntemail><hours>8-5, Monday-Friday</hours></cntinfo></ptcontac><datacred>Building &amp; Development Services
Physical Address:  
Gaston County Administrative Building
128 West Main Avenue
Gastonia, North Carolina 28052

Mailing Address:
Gaston County 
Building &amp; Development Services 
PO Box 1578
Gastonia, North Carolina 28053-1578

planninggis@gastongov.com
704-866-3195</datacred><native Sync="TRUE">Microsoft Windows XP Version 5.1 (Build 2600) Service Pack 3; ESRI ArcCatalog 9.3.1.3000</native><natvform Sync="TRUE">SDE Feature Class</natvform></idinfo><dataqual><lineage><procstep><procdesc Sync="TRUE">Metadata imported.</procdesc><srcused Sync="TRUE">C:\DOCUME~1\jkoone\LOCALS~1\Temp\xmlA2.tmp</srcused><date Sync="TRUE">20080402</date><time Sync="TRUE">14181800</time></procstep></lineage></dataqual><spdoinfo><direct Sync="TRUE">Vector</direct><ptvctinf><esriterm Name="USPS"><efeatyp Sync="TRUE">Simple</efeatyp><efeageom code="4" Sync="TRUE"></efeageom><esritopo Sync="TRUE">FALSE</esritopo><efeacnt Sync="TRUE">0</efeacnt><spindex Sync="TRUE">FALSE</spindex><linrefer Sync="TRUE">FALSE</linrefer></esriterm></ptvctinf></spdoinfo><spref><horizsys><planar><planci><plance Sync="TRUE">coordinate pair</plance><coordrep><absres Sync="TRUE">0.000328</absres><ordres Sync="TRUE">0.000328</ordres></coordrep><plandu Sync="TRUE">survey feet</plandu></planci></planar><geodetic><horizdn Sync="TRUE">North American Datum of 1983</horizdn><ellips Sync="TRUE">Geodetic Reference System 80</ellips><semiaxis Sync="TRUE">6378137.000000</semiaxis><denflat Sync="TRUE">298.257222</denflat></geodetic><cordsysn><geogcsn Sync="TRUE">GCS_North_American_1983</geogcsn><projcsn Sync="TRUE">NAD_1983_StatePlane_North_Carolina_FIPS_3200_Feet</projcsn></cordsysn></horizsys><vertdef><altsys><altres Sync="TRUE">1.000000</altres><altenc Sync="TRUE">Explicit elevation coordinate included with horizontal coordinates</altenc></altsys></vertdef></spref><eainfo><detailed Name="USPS"><attr><attrlabl Sync="TRUE">NAME</attrlabl><attalias Sync="TRUE">NAME</attalias><attrtype Sync="TRUE">String</attrtype><attwidth Sync="TRUE">30</attwidth><atprecis Sync="TRUE">0</atprecis><attscale Sync="TRUE">0</attscale></attr><attr><attrlabl Sync="TRUE">FID</attrlabl><attalias Sync="TRUE">FID</attalias><attrtype Sync="TRUE">OID</attrtype><attwidth Sync="TRUE">4</attwidth><atprecis Sync="TRUE">0</atprecis><attscale Sync="TRUE">0</attscale><attrdef Sync="TRUE">Internal feature number.</attrdef><attrdefs Sync="TRUE">Esri</attrdefs><attrdomv><udom Sync="TRUE">Sequential unique whole numbers that are automatically generated.</udom></attrdomv></attr><attr><attrlabl Sync="TRUE">STATE</attrlabl><attalias Sync="TRUE">STATE</attalias><attrtype Sync="TRUE">String</attrtype><attwidth Sync="TRUE">2</attwidth><atprecis Sync="TRUE">0</atprecis><attscale Sync="TRUE">0</attscale></attr><attr><attrlabl Sync="TRUE">ZIP</attrlabl><attalias Sync="TRUE">ZIP</attalias><attrtype Sync="TRUE">Double</attrtype><attwidth Sync="TRUE">19</attwidth><atprecis Sync="TRUE">18</atprecis><attscale Sync="TRUE">8</attscale></attr><attr><attrlabl Sync="TRUE">SQMILES</attrlabl><attalias Sync="TRUE">SQMILES</attalias><attrtype Sync="TRUE">Double</attrtype><attwidth Sync="TRUE">19</attwidth><atprecis Sync="TRUE">18</atprecis><attscale Sync="TRUE">8</attscale></attr><enttyp><enttypl Sync="TRUE">USPS</enttypl><enttypt Sync="TRUE">Feature Class</enttypt><enttypc Sync="TRUE">0</enttypc></enttyp><attr><attrlabl Sync="TRUE">ROUTE</attrlabl><attalias Sync="TRUE">ROUTE</attalias><attrtype Sync="TRUE">Double</attrtype><attwidth Sync="TRUE">19</attwidth><atprecis Sync="TRUE">18</atprecis><attscale Sync="TRUE">8</attscale></attr><attr><attrlabl>SHAPE</attrlabl><attrdef>Feature geometry.</attrdef><attrdefs>ESRI</attrdefs><attrdomv><udom>Coordinates defining the features.</udom></attrdomv><attalias Sync="TRUE">Shape</attalias><attrtype Sync="TRUE">Geometry</attrtype><attwidth Sync="TRUE">0</attwidth><atprecis Sync="TRUE">0</atprecis><attscale Sync="TRUE">0</attscale></attr><attr><attrlabl Sync="TRUE">EDITED_BY</attrlabl><attalias Sync="TRUE">EDITED_BY</attalias><attrtype Sync="TRUE">String</attrtype><attwidth Sync="TRUE">30</attwidth><atprecis Sync="TRUE">0</atprecis><attscale Sync="TRUE">0</attscale></attr><attr><attrlabl Sync="TRUE">NOTE</attrlabl><attalias Sync="TRUE">NOTE</attalias><attrtype Sync="TRUE">String</attrtype><attwidth Sync="TRUE">50</attwidth><atprecis Sync="TRUE">0</atprecis><attscale Sync="TRUE">0</attscale></attr><attr><attrlabl Sync="TRUE">DATE_MODIF</attrlabl><attalias Sync="TRUE">DATE_MODIF</attalias><attrtype Sync="TRUE">Date</attrtype><attwidth Sync="TRUE">8</attwidth><atprecis Sync="TRUE">0</atprecis><attscale Sync="TRUE">0</attscale></attr><attr><attrlabl Sync="TRUE">Shape_STAr</attrlabl><attalias Sync="TRUE">Shape_STAr</attalias><attrtype Sync="TRUE">Double</attrtype><attwidth Sync="TRUE">19</attwidth><atprecis Sync="TRUE">0</atprecis><attscale Sync="TRUE">0</attscale></attr><attr><attrlabl Sync="TRUE">Shape_STLe</attrlabl><attalias Sync="TRUE">Shape_STLe</attalias><attrtype Sync="TRUE">Double</attrtype><attwidth Sync="TRUE">19</attwidth><atprecis Sync="TRUE">0</atprecis><attscale Sync="TRUE">0</attscale></attr></detailed></eainfo><distinfo><resdesc>Downloadable Data</resdesc><stdorder><digform><digtinfo><transize Sync="TRUE">0.380</transize><dssize Sync="TRUE">0.380</dssize></digtinfo></digform></stdorder></distinfo><metainfo><metd Sync="TRUE">20100811</metd><metc><cntinfo><cntorgp><cntorg>Gaston County, Dept. of Planning and Codes Enforcement, Land Records Division</cntorg></cntorgp><cntaddr><addrtype>mailing and physical address</addrtype><address>P.O. Box 1578</address><address>212 West Main Avenue</address><city>Gastonia</city><state>NC</state><postal>28053-1578.</postal></cntaddr><cntvoice>(704)-866-3195</cntvoice><cntfax>(704)-866-3908</cntfax></cntinfo></metc><metstdn Sync="TRUE">FGDC Content Standards for Digital Geospatial Metadata</metstdn><metstdv Sync="TRUE">FGDC-STD-001-1998</metstdv><mettc Sync="TRUE">local time</mettc><metextns><onlink>http://www.esri.com/metadata/esriprof80.html</onlink><metprof>ESRI Metadata Profile</metprof></metextns><metextns><onlink>http://www.esri.com/metadata/esriprof80.html</onlink><metprof>ESRI Metadata Profile</metprof></metextns><metextns><onlink>http://www.esri.com/metadata/esriprof80.html</onlink><metprof>ESRI Metadata Profile</metprof></metextns><metextns><onlink>http://www.esri.com/metadata/esriprof80.html</onlink><metprof>ESRI Metadata Profile</metprof></metextns><langmeta Sync="TRUE">en</langmeta></metainfo><Esri><CreaDate>20210726</CreaDate><CreaTime>08395100</CreaTime><SyncOnce>FALSE</SyncOnce><SyncDate>20241113</SyncDate><SyncTime>20211400</SyncTime><ModDate>20241113</ModDate><ModTime>20211400</ModTime><DataProperties><lineage><Process ToolSource="C:\Program Files\ArcGIS\ArcToolbox\Toolboxes\Conversion Tools.tbx\FeatureClassToFeatureClass" Date="20100811" Time="085518" Name="" export="">FeatureClassToFeatureClass "Database Connections\Planning.sde\planning.GIS.USPS" Z:\Jena usps.shp # "NAME 'NAME' true true false 30 Text 0 0 ,First,#,Database Connections\Planning.sde\planning.GIS.USPS,NAME,-1,-1;STATE 'STATE' true true false 2 Text 0 0 ,First,#,Database Connections\Planning.sde\planning.GIS.USPS,STATE,-1,-1;ZIP 'ZIP' true true false 8 Double 11 19 ,First,#,Database Connections\Planning.sde\planning.GIS.USPS,ZIP,-1,-1;SQMILES 'SQMILES' true true false 8 Double 11 19 ,First,#,Database Connections\Planning.sde\planning.GIS.USPS,SQMILES,-1,-1;ROUTE 'ROUTE' true true false 8 Double 11 19 ,First,#,Database Connections\Planning.sde\planning.GIS.USPS,ROUTE,-1,-1;EDITED_BY 'EDITED_BY' true true false 30 Text 0 0 ,First,#,Database Connections\Planning.sde\planning.GIS.USPS,EDITED_BY,-1,-1;DATE_MODIF 'DATE_MODIF' true true false 36 Date 0 0 ,First,#,Database Connections\Planning.sde\planning.GIS.USPS,DATE_MODIF,-1,-1;Shape_area 'Shape_area' false false true 0 Double 0 0 ,First,#,Database Connections\Planning.sde\planning.GIS.USPS,Shape.area,-1,-1;Shape_len 'Shape_len' false false true 0 Double 0 0 ,First,#,Database Connections\Planning.sde\planning.GIS.USPS,Shape.len,-1,-1" # Z:\Jena\usps.shp</Process><Process ToolSource="C:\Program Files\ArcGIS\ArcToolbox\Toolboxes\Conversion Tools.tbx\FeatureClassToFeatureClass" Date="20100811" Time="113408" Name="" export="">FeatureClassToFeatureClass Z:\Jena\usps.shp "Database Connections\Planning.sde" USPS_CORRECT # "NAME 'NAME' true true false 30 Text 0 0 ,First,#,Z:\Jena\usps.shp,NAME,-1,-1;STATE 'STATE' true true false 2 Text 0 0 ,First,#,Z:\Jena\usps.shp,STATE,-1,-1;ZIP 'ZIP' true true false 19 Double 11 18 ,First,#,Z:\Jena\usps.shp,ZIP,-1,-1;SQMILES 'SQMILES' true true false 19 Double 11 18 ,First,#,Z:\Jena\usps.shp,SQMILES,-1,-1;ROUTE 'ROUTE' true true false 19 Double 11 18 ,First,#,Z:\Jena\usps.shp,ROUTE,-1,-1;EDITED_BY 'EDITED_BY' true true false 30 Text 0 0 ,First,#,Z:\Jena\usps.shp,EDITED_BY,-1,-1;DATE_MODIF 'DATE_MODIF' true true false 8 Date 0 0 ,First,#,Z:\Jena\usps.shp,DATE_MODIF,-1,-1;Shape_area 'Shape_area' true true false 19 Double 0 0 ,First,#,Z:\Jena\usps.shp,Shape_area,-1,-1;Shape_len 'Shape_len' true true false 19 Double 0 0 ,First,#,Z:\Jena\usps.shp,Shape_len,-1,-1" # "Database Connections\Planning.sde\Planning.GIS.USPS_CORRECT"</Process><Process ToolSource="C:\Program Files (x86)\ArcGIS\Desktop10.0\ArcToolbox\Toolboxes\Data Management Tools.tbx\ChangePrivileges" Date="20110801" Time="165447" Name="" export="">ChangePrivileges 'Database Connections\GISDEVB.sde\GISDEVB.GISADMIN.USPS' spenley GRANT GRANT</Process><Process ToolSource="C:\Program Files\ArcGIS\Desktop10.0\ArcToolbox\Toolboxes\Data Management Tools.tbx\ChangePrivileges" Date="20111118" Time="134017" Name="" export="">ChangePrivileges 'Database Connections\Connection to gcgisdev01.sde\GISDEVB.GISADMIN.USPS' jgoodman GRANT GRANT</Process><Process ToolSource="C:\Program Files (x86)\ArcGIS\Desktop10.0\ArcToolbox\Toolboxes\Data Management Tools.tbx\ChangePrivileges" Date="20111212" Time="120824" Name="" export="">ChangePrivileges 'Database Connections\GISDEVB.sde\GISDEVB.GISADMIN.USPS' jgoodman GRANT #</Process><Process ToolSource="C:\Program Files\ArcGIS\Desktop10.0\ArcToolbox\Toolboxes\Data Management Tools.tbx\ChangePrivileges" Date="20111221" Time="084118" Name="" export="">ChangePrivileges 'Database Connections\GISDEVB.sde\GISDEVB.GISADMIN.USPS' lhamilton GRANT GRANT</Process><Process ToolSource="C:\Program Files (x86)\ArcGIS\Desktop10.0\ArcToolbox\Toolboxes\Data Management Tools.tbx\ChangePrivileges" Date="20120103" Time="090618" Name="" export="">ChangePrivileges 'Database Connections\GISDEVB.sde\GISDEVB.GISADMIN.USPS' npaul GRANT GRANT</Process><Process ToolSource="C:\Program Files (x86)\ArcGIS\Desktop10.0\ArcToolbox\Toolboxes\Data Management Tools.tbx\CopyFeatures" Date="20120201" Time="170135" Name="" export="">CopyFeatures "Database Connections\GISDEVB.sde\GISDEVB.GISADMIN.USPS" "Database Connections\Planning.GIS.gcgis.sde\planning.GIS.USPS" # 0 0 0</Process><Process ToolSource="C:\Program Files (x86)\ArcGIS\Desktop10.0\ArcToolbox\Toolboxes\Data Management Tools.tbx\ChangePrivileges" Date="20120201" Time="170738" Name="" export="">ChangePrivileges 'Database Connections\Planning.GIS.gcgis.sde\planning.GIS.USPS' npaul GRANT GRANT</Process><Process ToolSource="C:\Program Files (x86)\ArcGIS\Desktop10.0\ArcToolbox\Toolboxes\Data Management Tools.tbx\ChangePrivileges" Date="20120201" Time="170754" Name="" export="">ChangePrivileges 'Database Connections\Planning.GIS.gcgis.sde\planning.GIS.USPS' spenley GRANT GRANT</Process><Process ToolSource="C:\Program Files (x86)\ArcGIS\Desktop10.0\ArcToolbox\Toolboxes\Data Management Tools.tbx\ChangePrivileges" Date="20120201" Time="170810" Name="" export="">ChangePrivileges 'Database Connections\Planning.GIS.gcgis.sde\planning.GIS.USPS' lhamilton GRANT GRANT</Process><Process ToolSource="C:\Program Files (x86)\ArcGIS\Desktop10.0\ArcToolbox\Toolboxes\Data Management Tools.tbx\ChangePrivileges" Date="20120201" Time="170827" Name="" export="">ChangePrivileges 'Database Connections\Planning.GIS.gcgis.sde\planning.GIS.USPS' jgoodman GRANT GRANT</Process><Process ToolSource="c:\program files (x86)\arcgis\desktop10.6\ArcToolbox\Toolboxes\Data Management Tools.tbx\ChangePrivileges" Date="20210726" Time="084158" Name="" export="">ChangePrivileges 'Database Connections\BCS(GIS).sde\BCS.GIS.Addresses_History';'Database Connections\BCS(GIS).sde\BCS.GIS.Addresses';'Database Connections\BCS(GIS).sde\BCS.GIS.Roads';'Database Connections\BCS(GIS).sde\BCS.GIS.Roads_History';'Database Connections\BCS(GIS).sde\BCS.GIS.TA_Fishbones';'Database Connections\BCS(GIS).sde\BCS.GIS.TA_Nightly_Address_Issues';'Database Connections\BCS(GIS).sde\BCS.GIS.TA_Nightly_Road_Issues';'Database Connections\BCS(GIS).sde\BCS.GIS.USPS';'Database Connections\BCS(GIS).sde\BCS.GIS.JURISDICTION' gaston GRANT GRANT</Process><Process ToolSource="c:\program files (x86)\arcgis\desktop10.6\ArcToolbox\Toolboxes\Conversion Tools.tbx\FeatureClassToFeatureClass" Date="20230516" Time="183513" Name="" export="">FeatureClassToFeatureClass "Database Connections\BCS(GIS).sde\BCS.GIS.USPS" "Database Connections\PublicGIS(GISADMIN).sde" USPS # "NAME "NAME" true true false 30 Text 0 0 ,First,#,Database Connections\BCS(GIS).sde\BCS.GIS.USPS,NAME,-1,-1;STATE "STATE" true true false 2 Text 0 0 ,First,#,Database Connections\BCS(GIS).sde\BCS.GIS.USPS,STATE,-1,-1;ZIP "ZIP" true true false 8 Double 8 38 ,First,#,Database Connections\BCS(GIS).sde\BCS.GIS.USPS,ZIP,-1,-1;SQMILES "SQMILES" true true false 8 Double 8 38 ,First,#,Database Connections\BCS(GIS).sde\BCS.GIS.USPS,SQMILES,-1,-1;ROUTE "ROUTE" true true false 8 Double 8 38 ,First,#,Database Connections\BCS(GIS).sde\BCS.GIS.USPS,ROUTE,-1,-1;EDITED_BY "EDITED_BY" true true false 30 Text 0 0 ,First,#,Database Connections\BCS(GIS).sde\BCS.GIS.USPS,EDITED_BY,-1,-1;DATE_MODIF "DATE_MODIF" true true false 8 Date 0 0 ,First,#,Database Connections\BCS(GIS).sde\BCS.GIS.USPS,DATE_MODIF,-1,-1;Shape_STArea__ "Shape_STArea__" false false true 0 Double 0 0 ,First,#,Database Connections\BCS(GIS).sde\BCS.GIS.USPS,Shape.STArea(),-1,-1;Shape_STLength__ "Shape_STLength__" false false true 0 Double 0 0 ,First,#,Database Connections\BCS(GIS).sde\BCS.GIS.USPS,Shape.STLength(),-1,-1" #</Process><Process ToolSource="c:\program files (x86)\arcgis\desktop10.8\ArcToolbox\Toolboxes\Conversion Tools.tbx\FeatureClassToFeatureClass" Date="20241113" Time="202116">FeatureClassToFeatureClass "Database Connections\PublicGIS.GISAdmin.sde\PublicGIS.GISADMIN.USPS" "\\gc.nc\gc_data\Inter-Departmental Data\GIS\Shapefiles\Boundaries" USPS.shp # "NAME "NAME" true true false 30 Text 0 0 ,First,#,Database Connections\PublicGIS.GISAdmin.sde\PublicGIS.GISADMIN.USPS,NAME,-1,-1;STATE "STATE" true true false 2 Text 0 0 ,First,#,Database Connections\PublicGIS.GISAdmin.sde\PublicGIS.GISADMIN.USPS,STATE,-1,-1;ZIP "ZIP" true true false 8 Double 8 38 ,First,#,Database Connections\PublicGIS.GISAdmin.sde\PublicGIS.GISADMIN.USPS,ZIP,-1,-1;SQMILES "SQMILES" true true false 8 Double 8 38 ,First,#,Database Connections\PublicGIS.GISAdmin.sde\PublicGIS.GISADMIN.USPS,SQMILES,-1,-1;ROUTE "ROUTE" true true false 8 Double 8 38 ,First,#,Database Connections\PublicGIS.GISAdmin.sde\PublicGIS.GISADMIN.USPS,ROUTE,-1,-1;EDITED_BY "EDITED_BY" true true false 30 Text 0 0 ,First,#,Database Connections\PublicGIS.GISAdmin.sde\PublicGIS.GISADMIN.USPS,EDITED_BY,-1,-1;DATE_MODIF "DATE_MODIF" true true false 8 Date 0 0 ,First,#,Database Connections\PublicGIS.GISAdmin.sde\PublicGIS.GISADMIN.USPS,DATE_MODIF,-1,-1;NOTE "NOTE" true true false 50 Text 0 0 ,First,#,Database Connections\PublicGIS.GISAdmin.sde\PublicGIS.GISADMIN.USPS,NOTE,-1,-1;Shape_STAr "Shape_STAr" false false true 0 Double 0 0 ,First,#,Database Connections\PublicGIS.GISAdmin.sde\PublicGIS.GISADMIN.USPS,Shape.STArea(),-1,-1;Shape_STLe "Shape_STLe" false false true 0 Double 0 0 ,First,#,Database Connections\PublicGIS.GISAdmin.sde\PublicGIS.GISADMIN.USPS,Shape.STLength(),-1,-1" #</Process></lineage><itemProps><itemLocation><linkage Sync="TRUE">file://\\gc.nc\gc_data\Inter-Departmental Data\GIS\Shapefiles\Boundaries\USPS.shp</linkage><protocol Sync="TRUE">Local Area Network</protocol></itemLocation><itemName Sync="TRUE">USPS</itemName><imsContentType Sync="TRUE">002</imsContentType><nativeExtBox><westBL Sync="TRUE">1261174.042375</westBL><eastBL Sync="TRUE">1426621.210496</eastBL><southBL Sync="TRUE">476194.836189</southBL><northBL Sync="TRUE">645713.012900</northBL><exTypeCode Sync="TRUE">1</exTypeCode></nativeExtBox><itemSize Sync="TRUE">0.000</itemSize></itemProps><coordRef><type Sync="TRUE">Projected</type><geogcsn Sync="TRUE">GCS_North_American_1983</geogcsn><projcsn Sync="TRUE">NAD_1983_StatePlane_North_Carolina_FIPS_3200_Feet</projcsn><peXml Sync="TRUE">&lt;ProjectedCoordinateSystem xsi:type='typens:ProjectedCoordinateSystem' xmlns:xsi='http://www.w3.org/2001/XMLSchema-instance' xmlns:xs='http://www.w3.org/2001/XMLSchema' xmlns:typens='http://www.esri.com/schemas/ArcGIS/10.8'&gt;&lt;WKT&gt;PROJCS[&amp;quot;NAD_1983_StatePlane_North_Carolina_FIPS_3200_Feet&amp;quot;,GEOGCS[&amp;quot;GCS_North_American_1983&amp;quot;,DATUM[&amp;quot;D_North_American_1983&amp;quot;,SPHEROID[&amp;quot;GRS_1980&amp;quot;,6378137.0,298.257222101]],PRIMEM[&amp;quot;Greenwich&amp;quot;,0.0],UNIT[&amp;quot;Degree&amp;quot;,0.0174532925199433]],PROJECTION[&amp;quot;Lambert_Conformal_Conic&amp;quot;],PARAMETER[&amp;quot;False_Easting&amp;quot;,2000000.002616666],PARAMETER[&amp;quot;False_Northing&amp;quot;,0.0],PARAMETER[&amp;quot;Central_Meridian&amp;quot;,-79.0],PARAMETER[&amp;quot;Standard_Parallel_1&amp;quot;,34.33333333333334],PARAMETER[&amp;quot;Standard_Parallel_2&amp;quot;,36.16666666666666],PARAMETER[&amp;quot;Latitude_Of_Origin&amp;quot;,33.75],UNIT[&amp;quot;Foot_US&amp;quot;,0.3048006096012192],AUTHORITY[&amp;quot;EPSG&amp;quot;,2264]]&lt;/WKT&gt;&lt;XOrigin&gt;-121841900&lt;/XOrigin&gt;&lt;YOrigin&gt;-93659000&lt;/YOrigin&gt;&lt;XYScale&gt;36365718.124241434&lt;/XYScale&gt;&lt;ZOrigin&gt;-100000&lt;/ZOrigin&gt;&lt;ZScale&gt;10000&lt;/ZScale&gt;&lt;MOrigin&gt;-100000&lt;/MOrigin&gt;&lt;MScale&gt;10000&lt;/MScale&gt;&lt;XYTolerance&gt;0.0032808333333333331&lt;/XYTolerance&gt;&lt;ZTolerance&gt;0.001&lt;/ZTolerance&gt;&lt;MTolerance&gt;0.001&lt;/MTolerance&gt;&lt;HighPrecision&gt;true&lt;/HighPrecision&gt;&lt;WKID&gt;102719&lt;/WKID&gt;&lt;LatestWKID&gt;2264&lt;/LatestWKID&gt;&lt;/ProjectedCoordinateSystem&gt;</peXml><csUnits Sync="TRUE">Linear Unit: Foot_US (0.304801)</csUnits></coordRef></DataProperties><ArcGISFormat>1.0</ArcGISFormat><ArcGISstyle>FGDC CSDGM Metadata</ArcGISstyle><scaleRange><minScale>150000000</minScale><maxScale>5000</maxScale></scaleRange><ArcGISProfile>ItemDescription</ArcGISProfile></Esri><dataIdInfo><envirDesc Sync="TRUE"> Version 6.2 (Build 9200) ; Esri ArcGIS 10.8.1.14362</envirDesc><dataLang><languageCode Sync="TRUE" value="eng" country="USA"/><countryCode value="USA" Sync="TRUE"/></dataLang><idCitation><resTitle Sync="TRUE">USPS</resTitle><presForm><PresFormCd Sync="TRUE" value="005"/></presForm></idCitation><spatRpType><SpatRepTypCd Sync="TRUE" value="001"/></spatRpType><dataExt><geoEle xmlns=""><GeoBndBox esriExtentType="search"><westBL Sync="TRUE">-81.482563</westBL><eastBL Sync="TRUE">-80.915804</eastBL><northBL Sync="TRUE">35.508917</northBL><southBL Sync="TRUE">35.033192</southBL><exTypeCode Sync="TRUE">1</exTypeCode></GeoBndBox></geoEle></dataExt><geoBox esriExtentType="decdegrees"><westBL Sync="TRUE">-81.455323</westBL><eastBL Sync="TRUE">-80.91834</eastBL><northBL Sync="TRUE">35.428477</northBL><southBL Sync="TRUE">35.141602</southBL><exTypeCode Sync="TRUE">1</exTypeCode></geoBox><descKeys><thesaName uuidref="723f6998-058e-11dc-8314-0800200c9a66"/><keyword Sync="TRUE">002</keyword></descKeys><idPurp>To properly locate and depict the residents within that boundary and notify the USPO of new areas within their delivery areas.</idPurp><idAbs>&lt;DIV STYLE="text-align:Left;"&gt;&lt;DIV&gt;&lt;DIV&gt;&lt;P&gt;&lt;SPAN&gt;Unites States Postal Areas of Gaston County. USPS Boundaries provided by the USPS and digitized by Land Records using existing Street and Roadway, Property Parcel and other available data. High Shoals, NC 28077 is PO Box Only, but has been removed from the Lincoln area.&lt;/SPAN&gt;&lt;/P&gt;&lt;P&gt;&lt;SPAN&gt;Updated on PublicGIS 11.13.2024&lt;/SPAN&gt;&lt;/P&gt;&lt;/DIV&gt;&lt;/DIV&gt;&lt;/DIV&gt;</idAbs><idCredit>Building &amp; Development Services
Physical Address:  
Gaston County Administrative Building
128 West Main Avenue
Gastonia, North Carolina 28052

Mailing Address:
Gaston County 
Building &amp; Development Services 
PO Box 1578
Gastonia, North Carolina 28053-1578

planninggis@gastongov.com
704-866-3195</idCredit><searchKeys><keyword>USPS</keyword></searchKeys><resConst><Consts><useLimit>&lt;DIV STYLE="text-align:Left;"&gt;&lt;DIV&gt;&lt;DIV&gt;&lt;P STYLE="margin:0 0 11 0;"&gt;&lt;SPAN&gt;&lt;SPAN&gt;Any maps, reports, or publications created using the digital data provided by Gaston County shall give credit to Gaston County by using the following statement/disclaimer: “This (map/report/publication) was created using various GIS Data sources, including Gaston County’s GIS data.”&lt;/SPAN&gt;&lt;/SPAN&gt;&lt;/P&gt;&lt;P STYLE="margin:0 0 11 0;"&gt;&lt;SPAN&gt;&lt;SPAN&gt;This data MAY NOT be resold, or otherwise used for trade or commercial purposes, as defined by NCGS 132-10. (&lt;/SPAN&gt;&lt;/SPAN&gt;&lt;A href="https://www.ncleg.net/EnactedLegislation/Statutes/HTML/BySection/Chapter_132/GS_132-10.html"&gt;&lt;SPAN&gt;&lt;SPAN&gt;https://www.ncleg.net/EnactedLegislation/Statutes/HTML/BySection/Chapter_132/GS_132-10.html&lt;/SPAN&gt;&lt;/SPAN&gt;&lt;/A&gt;&lt;SPAN&gt;&lt;SPAN&gt;)&lt;/SPAN&gt;&lt;/SPAN&gt;&lt;/P&gt;&lt;/DIV&gt;&lt;/DIV&gt;&lt;/DIV&gt;</useLimit></Consts></resConst></dataIdInfo><mdLang><languageCode Sync="TRUE" value="eng"/><countryCode value="USA" Sync="TRUE"/></mdLang><mdStanName Sync="TRUE">ISO 19115 Geographic Information - Metadata</mdStanName><mdStanVer Sync="TRUE">DIS_ESRI1.0</mdStanVer><mdChar><CharSetCd Sync="TRUE" value="004"/></mdChar><mdHrLv><ScopeCd Sync="TRUE" value="005"/></mdHrLv><mdHrLvName Sync="TRUE">dataset</mdHrLvName><distInfo><distributor><distorTran><onLineSrc><orDesc Sync="TRUE">002</orDesc><linkage Sync="TRUE">Server=gc02; Service=5168; Database=Planning; User=GIS; Version=sde.DEFAULT</linkage><protocol Sync="TRUE">ArcSDE Connection</protocol></onLineSrc><transSize Sync="TRUE">0.380</transSize></distorTran><distorFormat><formatName Sync="TRUE">SDE Feature Class</formatName></distorFormat></distributor><distFormat><formatName Sync="TRUE">Shapefile</formatName></distFormat><distTranOps><transSize Sync="TRUE">0.000</transSize></distTranOps></distInfo><refSysInfo><RefSystem><refSysID><identCode Sync="TRUE" code="2264">NAD_1983_StatePlane_North_Carolina_FIPS_3200_Feet</identCode><idCodeSpace Sync="TRUE">EPSG</idCodeSpace><idVersion Sync="TRUE">6.12(9.0.0)</idVersion></refSysID></RefSystem></refSysInfo><spatRepInfo><VectSpatRep><geometObjs Name="USPS"><geoObjTyp><GeoObjTypCd value="002" Sync="TRUE"></GeoObjTypCd></geoObjTyp><geoObjCnt Sync="TRUE">0</geoObjCnt></geometObjs><topLvl><TopoLevCd value="001" Sync="TRUE"></TopoLevCd></topLvl></VectSpatRep></spatRepInfo><mdDateSt Sync="TRUE">20241113</mdDateSt></metadata>
